Marriage_Code,Count,Default_Rate,Marital_Status,Default_Rate_Pct
0,54,0.09259259259259259,,9.3
1,13659,0.23471703638626545,Married,23.5
2,15964,0.20928338762214985,Single,20.9
3,323,0.26006191950464397,Other,26.0
