Dataset,Samples,Default_Rate_Pct
Training,21000,22.11904761904762
Test,9000,22.12222222222222
